"starch","glycerol","glucose","fructose","citrate","butyrate","ascorbic","acetate","rep_1","rep_2","rep_3","mean","sd"
0,0,0,0,0,0,0,0,0,0,0,0,0
0,0,0,0,0,0,0,1,0.0187145876355277,0.0202475137006744,0.0167197269384917,0.0185606094248979,0.00176892674434791
0,0,0,0,0,0,1,0,0.00406171765794124,0.00584066063011445,0.00237644401015884,0.00409294076607151,0.00173231935836183
0,0,0,0,0,0,1,1,0.020639836159842,0.0221253416117163,0.0200898347646905,0.0209516708454163,0.00105297325911803
0,0,0,0,0,1,0,0,0.010028873516884,0.00900267568327779,0.0125685932984912,0.0105333808328843,0.00183571180568891
0,0,0,0,0,1,0,1,0.0301721311105905,0.028844903117571,0.028134507418867,0.0290505138823428,0.00103425548933075
0,0,0,0,0,1,1,0,0.0157259171655428,0.0110539546566183,0.0151215010526688,0.01396712429161,0.00254091473706881
0,0,0,0,0,1,1,1,0.0299587649936712,0.0248963938367879,0.0324608671125805,0.0291053419810132,0.0038537724522792
0,0,0,0,1,0,0,0,0.0232471814742379,0.0273375196083586,0.0162616570053172,0.0222821193626379,0.00560064208460042
0,0,0,0,1,0,0,1,0.0392494662709442,0.0472747647371899,0.0382230295969729,0.0415824202017024,0.00495635781541647
0,0,0,0,1,0,1,0,0.0266772280189275,0.0387541532839905,0.0222514686872546,0.0292276166633909,0.00854183887715002
0,0,0,0,1,0,1,1,0.0400248292429017,0.0451846812899532,0.0385181487594813,0.0412425530974454,0.00349611248880862
0,0,0,0,1,1,0,0,0.0277766933187753,0.0325637682618323,0.0270839840807958,0.0291414818871345,0.00298395619018233
0,0,0,0,1,1,0,1,0.0518965871717709,0.0528924804480355,0.0450664108498303,0.0499518261565456,0.00426009540899533
0,0,0,0,1,1,1,0,0.0321237712278389,0.0345665139320854,0.0303011815761377,0.0323304889120207,0.00214016685737087
0,0,0,0,1,1,1,1,0.049051040651926,0.0435591846599918,0.0470791533922217,0.0465631262347131,0.00278205563918133
0,0,0,1,0,0,0,0,0.0180686492492518,0.0193805605295086,0.0210687343744215,0.019505981384394,0.00150396990751023
0,0,0,1,0,0,0,1,0.0373073398589015,0.041727162580452,0.0330683669861061,0.0373676231418199,0.00432971255879827
0,0,0,1,0,0,1,0,0.0201781165274834,0.0244234603437546,0.020031552137351,0.0215443763361964,0.0024944365740678
0,0,0,1,0,0,1,1,0.0368534094958386,0.0354367884989368,0.0352944592417538,0.0358615524121764,0.000861916330145053
0,0,0,1,0,1,0,0,0.0265671264670548,0.0246564324858489,0.0285467185797605,0.0265900925108881,0.00194524472817629
0,0,0,1,0,1,0,1,0.0404615323726667,0.0325702155209039,0.0394195984270201,0.0374837821068635,0.00428704548993442
0,0,0,1,0,1,1,0,0.0281221075385826,0.0269729892177766,0.0296093480983862,0.0282348149515818,0.00132178828015344
0,0,0,1,0,1,1,1,0.0416036098183572,0.0361336459682466,0.0370970321980221,0.0382780959948753,0.00291998457180122
0,0,0,1,1,0,0,0,0.0441282522486103,0.0475391627968333,0.0347855344059319,0.0421509831504585,0.00660272323349851
0,0,0,1,1,0,0,1,0.0499927443696374,0.057846762816919,0.0420700730727917,0.0499698600864494,0.00788836976747575
0,0,0,1,1,0,1,0,0.0458471205604406,0.0464120224857822,0.0389742573260841,0.043744466790769,0.00414076711480378
0,0,0,1,1,0,1,1,0.0532116817234452,0.0585289184427117,0.0497089332498888,0.0538165111386819,0.0044409907302938
0,0,0,1,1,1,0,0,0.0465500437023884,0.0430190076844673,0.0449867002728513,0.0448519172199024,0.00176937240101842
0,0,0,1,1,1,0,1,0.0559616535090601,0.0484911099875781,0.0548494407282397,0.0531007347416259,0.00403059978133568
0,0,0,1,1,1,1,0,0.0500487524209103,0.04905337817252,0.0407159289848729,0.0466060198594344,0.00512518978736732
0,0,0,1,1,1,1,1,0.0591154025890525,0.0545802248525822,0.0431351455736082,0.0522769243384143,0.00823535357552053
0,0,1,0,0,0,0,0,0.0253298079038835,0.0320163563001983,0.0215877661217655,0.0263113101086158,0.0052831224868298
0,0,1,0,0,0,0,1,0.0366479089276257,0.0461055496945865,0.0311396657384795,0.0379643747868972,0.00756929537116143
0,0,1,0,0,0,1,0,0.0254502692453673,0.0335775189828021,0.0241399063588041,0.0277225648623245,0.00511269288519209
0,0,1,0,0,0,1,1,0.0370659581944913,0.0405574920600194,0.0341774926729283,0.037266980975813,0.00319474657269998
0,0,1,0,0,1,0,0,0.0317198032584163,0.0279392466930826,0.026949636437424,0.028869562129641,0.00251748644160161
0,0,1,0,0,1,0,1,0.0371074954901155,0.0299329187506802,0.0316730536298001,0.0329044892901986,0.00374245416629081
0,0,1,0,0,1,1,0,0.037506045510506,0.036190164032383,0.0262078750270474,0.0333013615233121,0.00617827233299361
0,0,1,0,0,1,1,1,0.0403413256329377,0.0346842906225928,0.0255533020527325,0.0335263061027543,0.00746170935264267
0,0,1,0,1,0,0,0,0.0445530902681617,0.0474380286654139,0.0417997918325934,0.0445969702553897,0.0028193745291647
0,0,1,0,1,0,0,1,0.0512724465456653,0.054431062880588,0.0442289504325411,0.0499774866195981,0.00522287904399846
0,0,1,0,1,0,1,0,0.0444361527621197,0.0464308495952964,0.0408577531427189,0.0439082518333783,0.00282380250023926
0,0,1,0,1,0,1,1,0.0504210802262734,0.0503779128824904,0.0478845202647391,0.049561171124501,0.00145218264486511
0,0,1,0,1,1,0,0,0.0490371281844055,0.044539420472722,0.0419291464301081,0.0451685650290785,0.00359551363638783
0,0,1,0,1,1,0,1,0.052557236303382,0.0446930663965651,0.0490607132468959,0.0487703386489477,0.0039401180358171
0,0,1,0,1,1,1,0,0.0505540337707713,0.0422867980611285,0.0346702274866305,0.0425036864395101,0.00794412398849208
0,0,1,0,1,1,1,1,0.054632231696252,0.0489538950620544,0.0374775026776658,0.0470212098119908,0.00873914390155814
0,0,1,1,0,0,0,0,0.0457495286995419,0.0466147775208792,0.038180170017117,0.0435148254125127,0.00464015894355192
0,0,1,1,0,0,0,1,0.0460308548004939,0.0514751083159833,0.0409852106469586,0.046163724587812,0.00524621092427086
0,0,1,1,0,0,1,0,0.0407042698474192,0.0436740275639991,0.0366289263928685,0.0403357412680956,0.00353697930630077
0,0,1,1,0,0,1,1,0.0431872231123797,0.0344930554726197,0.0463034906703836,0.0413279230851277,0.00612081222826267
0,0,1,1,0,1,0,0,0.0418654893597466,0.0383876727578593,0.034865031661159,0.0383727312595883,0.00350025276711647
0,0,1,1,0,1,0,1,0.0451639152021925,0.0370367390365543,0.0446037030698382,0.0422681191028617,0.00453915878296052
0,0,1,1,0,1,1,0,0.0420866135154394,0.0335457775873884,0.0337066342949652,0.0364463417992643,0.00488528069759624
0,0,1,1,0,1,1,1,0.0469501175837638,0.0402618399962616,0.0395859234844973,0.0422659603548409,0.00407065258793623
0,0,1,1,1,0,0,0,0.058393559089227,0.0595554133330628,0.0529148484247995,0.0569546069490298,0.00354643666537949
0,0,1,1,1,0,0,1,0.0595201941849316,0.064087633979763,0.0570538869195951,0.0602205716947632,0.003568794743161
0,0,1,1,1,0,1,0,0.0568256919531373,0.0563840446423438,0.0549385440081644,0.0560494268678818,0.000987070733429618
0,0,1,1,1,0,1,1,0.0619702806457771,0.0455569532795818,0.0683072546757869,0.0586114962003819,0.0117411723485142
0,0,1,1,1,1,0,0,0.0588805881438529,0.0458247788088125,0.0553831685821409,0.0533628451782688,0.00675831482992673
0,0,1,1,1,1,0,1,0.0596196703113465,0.0404670189439646,0.0628671584362845,0.0543179492305318,0.0121046580758365
0,0,1,1,1,1,1,0,0.0577537615985518,0.0411025287235562,0.0476358426601725,0.0488307109940935,0.00838967650245763
0,0,1,1,1,1,1,1,0.061167569245038,0.048251952193265,0.0539607094854469,0.0544600769745833,0.00647227292949836
0,1,0,0,0,0,0,0,0.0349446002712553,0.0349127891249844,0.0287841833782282,0.032880524258156,0.00354757092116315
0,1,0,0,0,0,0,1,0.0415992610343505,0.0419758597246732,0.0340317384847576,0.0392022864145938,0.00448178324603477
0,1,0,0,0,0,1,0,0.0348231660812916,0.033730625279166,0.0330324793572205,0.033862090239226,0.000902553052586824
0,1,0,0,0,0,1,1,0.0395198653884029,0.041007565982627,0.0405076819200477,0.0403450377636926,0.000757068758905701
0,1,0,0,0,1,0,0,0.0362636896891776,0.0354334383998232,0.0264575179654791,0.0327182153514933,0.00543779165841265
0,1,0,0,0,1,0,1,0.0399863446495533,0.0318417890893914,0.037842429428391,0.0365568543891119,0.00422172638909183
0,1,0,0,0,1,1,0,0.0355109937945874,0.0336546688690269,0.0249364599224491,0.0313673741953545,0.00564614730116104
0,1,0,0,0,1,1,1,0.0398058668027221,0.0363121576023801,0.0340677551347068,0.0367285931799363,0.00289163367689345
0,1,0,0,1,0,0,0,0.0555249364854272,0.0576573782813098,0.0457987196486065,0.0529936781384478,0.00632158190298217
0,1,0,0,1,0,0,1,0.0604828139128531,0.062253740902916,0.0570556621338384,0.0599307389832025,0.00264264938430077
0,1,0,0,1,0,1,0,0.0545843636288244,0.0543914281421238,0.0489394668331953,0.0526384195347145,0.00320483920681896
0,1,0,0,1,0,1,1,0.0608756130319192,0.0569005461030217,0.0592632284703031,0.059013129201748,0.00199930025393951
0,1,0,0,1,1,0,0,0.0596623279436491,0.0501526184735111,0.0455810270128988,0.0517986578100197,0.0071835118917273
0,1,0,0,1,1,0,1,0.0632697164886417,0.0503856355039493,0.0571517860332111,0.0569357126752674,0.0064447576740354
0,1,0,0,1,1,1,0,0.0565073274088474,0.049184609729416,0.0403808829887384,0.0486909400423339,0.00807454857739268
0,1,0,0,1,1,1,1,0.06107075827579,0.0550607995473443,0.048405243460136,0.0548456004277567,0.00633549914230844
0,1,0,1,0,0,0,0,0.043311228829098,0.0424337092483573,0.0417245307372555,0.0424898229382369,0.000794836000888302
0,1,0,1,0,0,0,1,0.0401022483584452,0.0346356644249537,0.0504078878704369,0.0417152668846119,0.00800887817848917
0,1,0,1,0,0,1,0,0.0375248354105494,0.0288450093207604,0.0410578013139339,0.0358092153484146,0.00628455139332396
0,1,0,1,0,0,1,1,0.038843510122095,0.0298232568542336,0.0512864664382056,0.039984411138178,0.010776993215074
0,1,0,1,0,1,0,0,0.0376125755911802,0.0322867665187925,0.0366192278457571,0.0355061899852433,0.00283199585594412
0,1,0,1,0,1,0,1,0.040691411665116,0.03056555684178,0.0449735989690325,0.0387435224919761,0.00739889340768586
0,1,0,1,0,1,1,0,0.0369501385403048,0.0264068125375351,0.0346278613299274,0.0326616041359225,0.00553986067648838
0,1,0,1,0,1,1,1,0.0395960791733904,0.0332627075838267,0.0472984439673515,0.0400524102415229,0.00702898659052341
0,1,0,1,1,0,0,0,0.0671727001219693,0.066757602185367,0.0650140153038361,0.0663147725370575,0.0011454490861999
0,1,0,1,1,0,0,1,0.0678352179818857,0.0573893631971271,0.0747007562628987,0.0666417791473039,0.00871718444558375
0,1,0,1,1,0,1,0,0.0620684413578214,0.0572319582192074,0.0597579531815284,0.0596861175861857,0.00241904165985063
0,1,0,1,1,0,1,1,0.066545937953604,0.0484162369031109,0.0706334569737633,0.0618652106101594,0.0118251056343993
0,1,0,1,1,1,0,0,0.0627886841841492,0.0547822573827523,0.0551388850900395,0.0575699422189804,0.00452307932769947
0,1,0,1,1,1,0,1,0.0609833129250569,0.0527240517646784,0.064708838432375,0.0594720677073701,0.00613365098848438
0,1,0,1,1,1,1,0,0.0627688996066842,0.0464693519351738,0.0519855081309423,0.0537412532242668,0.0082904037415864
0,1,0,1,1,1,1,1,0.0663577960770602,0.0605173733630488,0.0644972465628431,0.0637908053343173,0.00298361002421658
0,1,1,0,0,0,0,0,0.0478878281019241,0.0444896561190957,0.0451133361569345,0.0458302734593181,0.00180897554651291
0,1,1,0,0,0,0,1,0.0440505594278415,0.0379342832318089,0.0548167734740394,0.0456005387112299,0.00854730636100942
0,1,1,0,0,0,1,0,0.0431060952914994,0.040951703869359,0.0467504699092378,0.0436027563566987,0.00293111344996683
0,1,1,0,0,0,1,1,0.0404934509613159,0.036155512788787,0.0513618837454888,0.0426702824985305,0.00783341407524621
0,1,1,0,0,1,0,0,0.0377600323753027,0.0392652523657148,0.0317560315813566,0.0362604387741247,0.00397286860134842
0,1,1,0,0,1,0,1,0.0409528370960711,0.0407772394381337,0.0438779658824998,0.0418693474722349,0.00174172890339157
0,1,1,0,0,1,1,0,0.045601705043844,0.0361625809176365,0.0343500885294719,0.0387047914969841,0.00604126183168163
0,1,1,0,0,1,1,1,0.0378934453483854,0.0372863998132511,0.045997848457859,0.0403925645398319,0.00486379809631339
0,1,1,0,1,0,0,0,0.0613110018176047,0.0635733151083905,0.0530861171097053,0.0593234780119002,0.00551887838465283
0,1,1,0,1,0,0,1,0.06731768246524,0.0580413666875185,0.07644017878289,0.0672664093118828,0.00919951321170795
0,1,1,0,1,0,1,0,0.0626599752747522,0.0713828346961083,0.061803018343329,0.0652819427713965,0.00530087308877873
0,1,1,0,1,0,1,1,0.0609718565345343,0.0574774281259233,0.0703726914641295,0.0629406587081957,0.00666926462510533
0,1,1,0,1,1,0,0,0.0150854245279121,0.060948105907233,0.0486188815370453,0.0415508039907301,0.0237342511147038
0,1,1,0,1,1,0,1,0.0604294621222106,0.0582258316386237,0.064156756934349,0.0609373502317278,0.00299790451227361
0,1,1,0,1,1,1,0,0.0608519663009668,0.0571833558194284,0.0512882634703255,0.0564411951969069,0.00482485282163307
0,1,1,0,1,1,1,1,0.057149287098756,0.057120888383734,0.0614171373196038,0.0585624376006979,0.00247228325351175
0,1,1,1,0,0,0,0,0.0444738071228347,0.0452284829820013,0.0567657215797778,0.0488226705615379,0.00688922553861266
0,1,1,1,0,0,0,1,0.0457582969387326,0.0430736080594765,0.0693735146744385,0.0527351398908825,0.0144716455585795
0,1,1,1,0,0,1,0,0.0364573938669267,0.0363453287279828,0.0570905488661567,0.0432977571536887,0.011945039433442
0,1,1,1,0,0,1,1,0.0416881133752457,0.0382901721758977,0.0675199270651631,0.0491660708721022,0.0159854474121066
0,1,1,1,0,1,0,0,0.0407431209917891,0.0393845430982574,0.0501058516310897,0.0434111719070454,0.00583742117110337
0,1,1,1,0,1,0,1,0.0430722754603096,0.0413104513334574,0.0585296342275762,0.0476374536737811,0.00947394870029621
0,1,1,1,0,1,1,0,0.0361583598616443,0.0348754205814803,0.0451573281255845,0.038730369522903,0.00560275208799953
0,1,1,1,0,1,1,1,0.0400610802035969,0.0397838915757836,0.0594563173265503,0.0464337630353103,0.0112787144030279
0,1,1,1,1,0,0,0,0.0677733845680711,0.0626275200818975,0.0750918176232539,0.0684975740910742,0.00626362643751898
0,1,1,1,1,0,0,1,0.064564643344997,0.0569378380400239,0.0844455123031148,0.0686493312293786,0.0142014626773332
0,1,1,1,1,0,1,0,0.0558713896909798,0.0599185256451314,0.0719490666131335,0.0625796606497482,0.00836266425476276
0,1,1,1,1,0,1,1,0.0608515997187534,0.0567324373931334,0.0812070159760171,0.0662636843626346,0.0131041689681887
0,1,1,1,1,1,0,0,0.0567589645611055,0.0669288310354497,0.0681840793667269,0.0639572916544274,0.00626544865114482
0,1,1,1,1,1,0,1,0.0639226261323887,0.0624355423839776,0.0861804700804749,0.0708462128656138,0.0133006555390078
0,1,1,1,1,1,1,0,0.05652348736035,0.0531044781692086,0.0654648157970611,0.0583642604422066,0.00638246196406936
0,1,1,1,1,1,1,1,0.0631875070393486,0.0622286796970787,0.0794660658360959,0.068294084190841,0.00968709026898706
1,0,0,0,0,0,0,0,0.00408770719301257,0.00615387634471942,0.00107675432923692,0.00377277928898964,0.00255316992747711
1,0,0,0,0,0,0,1,0.0211891586187687,0.0238130940532225,0.0198239151075668,0.021608722593186,0.00202741525386077
1,0,0,0,0,0,1,0,0.00606609661999468,0.0071474525067949,0.00230844312005096,0.00517399741561352,0.00253985899295456
1,0,0,0,0,0,1,1,0.0223394637080455,0.022335667227799,0.0199306736653121,0.0215352682003855,0.0013896209266581
1,0,0,0,0,1,0,0,0.0131857241605224,0.00628568025883436,0.0118213698795797,0.0104309247663122,0.00365412844205878
1,0,0,0,0,1,0,1,0.0285351194853215,0.0271084510139332,0.0255467143591332,0.0270634282861293,0.00149471120423691
1,0,0,0,0,1,1,0,0.0183509288496901,0.00986573693422611,0.0154602989384396,0.0145589882407852,0.00431380240516917
1,0,0,0,0,1,1,1,0.029275752091158,0.0254940403600126,0.0281160672205207,0.0276286198905637,0.00193740537291045
1,0,0,0,1,0,0,0,0.0202254121105947,0.0240431510664214,0.0191685594846441,0.0211457075538867,0.00256429689183833
1,0,0,0,1,0,0,1,0.0370637919254518,0.0401597160411053,0.0348788889927294,0.0373674656530955,0.00265347826038966
1,0,0,0,1,0,1,0,0.0248936899907458,0.0268620112445621,0.0215716603555588,0.0244424538636222,0.00267388549942037
1,0,0,0,1,0,1,1,0.0372723285526335,0.0384168242638723,0.0352663270994763,0.036985159971994,0.0015947593677407
1,0,0,0,1,1,0,0,0.0336286409061494,0.0246556851274194,0.026929747163854,0.0284046910658076,0.0046647699286453
1,0,0,0,1,1,0,1,0.0191385876290467,0.0450490697685875,0.0377990093146568,0.0339955555707637,0.0133674218330356
1,0,0,0,1,1,1,0,0.0374255772080741,0.0297869402502709,0.0260780047443456,0.0310968407342302,0.00578608068240497
1,0,0,0,1,1,1,1,0.0444853016463111,0.042040279907556,0.0426428894208256,0.0430561569915642,0.00127382313902462
1,0,0,1,0,0,0,0,0.0156640501486649,0.0158465136252079,0.0178460085568593,0.0164521907769107,0.00121052436276339
1,0,0,1,0,0,0,1,0.0363464358899409,0.0375519711600354,0.028511665256635,0.0341366907688705,0.00490856525186691
1,0,0,1,0,0,1,0,0.016871016190463,0.0176696380199149,0.0181612151662942,0.017567289792224,0.000651160286790118
1,0,0,1,0,0,1,1,0.0336214761370248,0.0351232755581008,0.0338730928784634,0.0342059481911963,0.000804328831820014
1,0,0,1,0,1,0,0,0.0261370549646424,0.0222016584366283,0.0242160951375462,0.0241849361796056,0.00196788328380301
1,0,0,1,0,1,0,1,0.0352403036294848,0.0382294440391335,0.0326435943861738,0.035371114018264,0.00279522138742657
1,0,0,1,0,1,1,0,0.0333776716082463,0.025371560883052,0.030484070922214,0.0297444344711707,0.00405397937782147
1,0,0,1,0,1,1,1,0.040429565250884,0.0387582928786093,0.0349187990822442,0.0380355524039125,0.00282557981424698
1,0,0,1,1,0,0,0,0.0387269241108382,0.0391879936457572,0.0348799973021172,0.0375983050195709,0.00236538451717342
1,0,0,1,1,0,0,1,0.0486811331038028,0.0534688671938516,0.0428251465071238,0.048325048934926,0.00533078741517261
1,0,0,1,1,0,1,0,0.0411410901093398,0.0463451383304366,0.0379563642071569,0.0418141975489777,0.00423470046660017
1,0,0,1,1,0,1,1,0.0504062249411646,0.0532728351726875,0.04544835646167,0.0497091388585074,0.00395854310697352
1,0,0,1,1,1,0,0,0.0441072261647718,0.0422897139871745,0.0387695607683098,0.0417221669734187,0.0027137151989043
1,0,0,1,1,1,0,1,0.0524409666128587,0.0571038910133806,0.0429393544220218,0.0508280706827537,0.00721869788625328
1,0,0,1,1,1,1,0,0.0456685566707562,0.0447759467513627,0.0393610847316824,0.0432685293846004,0.00341325078243066
1,0,0,1,1,1,1,1,0.0508996641148344,0.0530768807753855,0.0432237647994662,0.049066769896562,0.00517596363204586
1,0,1,0,0,0,0,0,0.0249872867594533,0.0269462014553585,0.0213015282464663,0.0244116721537594,0.00286602216312306
1,0,1,0,0,0,0,1,0.0343286267546002,0.0344173337514339,0.031349966956325,0.0333653091541197,0.0017459010176642
1,0,1,0,0,0,1,0,0.0217689863981354,0.0255398877440432,0.0219617456631904,0.0230902066017896,0.00212367424705406
1,0,1,0,0,0,1,1,0.0337153368509815,0.0374033922825132,0.0313066462407977,0.0341417917914308,0.00307066376154549
1,0,1,0,0,1,0,0,0.0307491387106567,0.0275628804824646,0.0248023764121089,0.0277047985350767,0.00297592019535139
1,0,1,0,0,1,0,1,0.0325167092601439,0.0343700259755023,0.0246558153341667,0.0305141835232709,0.00515742708054978
1,0,1,0,0,1,1,0,0.0198189997141539,0.0305208974662542,0.020624917063727,0.0236549380813784,0.00595973358462098
1,0,1,0,0,1,1,1,0.0325936805254486,0.0336123551050962,0.0240527386171532,0.030086258082566,0.00524994688824958
1,0,1,0,1,0,0,0,0.0429468911618355,0.0449098613417439,0.0418528771120806,0.04323654320522,0.00154893895127603
1,0,1,0,1,0,0,1,0.0479177216225567,0.0466258650297789,0.040982514754588,0.0451753671356412,0.00368812034525089
1,0,1,0,1,0,1,0,0.0403185616553009,0.0414379006632998,0.0386314705010707,0.0401293109398905,0.00141275420326035
1,0,1,0,1,0,1,1,0.047524076303587,0.048774766273018,0.042592278230199,0.0462970402689346,0.00326879223454956
1,0,1,0,1,1,0,0,0.041686447822203,0.0398746178653966,0.0331040803843186,0.0382217153573061,0.00452364042952724
1,0,1,0,1,1,0,1,0.0498312345537515,0.0491725200088033,0.0398567441745962,0.0462868329123836,0.00557835164674993
1,0,1,0,1,1,1,0,0.0110985430980963,0.0466850800023135,0.0287218697665306,0.0288351642889801,0.017793538966305
1,0,1,0,1,1,1,1,0.0424130000020423,0.0471842860845161,0.0403808251628081,0.0433260370831221,0.00349242002941687
1,0,1,1,0,0,0,0,0.0407920772929334,0.0402352400872259,0.0371673836741852,0.0393982336847815,0.00195193128612363
1,0,1,1,0,0,0,1,0.0380315678693433,0.0401851851388274,0.0408592974365804,0.039692016814917,0.00147696475013394
1,0,1,1,0,0,1,0,0.0376944174226512,0.0392777751004317,0.037475776026743,0.038149322849942,0.000983363806649205
1,0,1,1,0,0,1,1,0.037058448829511,0.0376726064010162,0.0426215579660235,0.0391175377321836,0.00305006815170235
1,0,1,1,0,1,0,0,0.0385765709946925,0.0409739049724122,0.0280733293129496,0.0358746017600181,0.00686160997108006
1,0,1,1,0,1,0,1,0.0389067394029664,0.0399798118567041,0.0361706217373082,0.0383523909989929,0.00196416876977688
1,0,1,1,0,1,1,0,0.0349706262575804,0.040946826837068,0.0304498042454827,0.0354557524467104,0.00526529974328126
1,0,1,1,0,1,1,1,0.0348011257517136,0.0384632140666431,0.0346800816106093,0.0359814738096553,0.00215010207859746
1,0,1,1,1,0,0,0,0.0549785794858867,0.055426206951098,0.0499959825102184,0.0534669229824011,0.0030142434221508
1,0,1,1,1,0,0,1,0.0633961566465241,0.0518018757350543,0.0540461301273547,0.056414720836311,0.00614934987811181
1,0,1,1,1,0,1,0,0.0539057337352174,0.0553069015065375,0.0517873987163652,0.05366667798604,0.00177188761238367
1,0,1,1,1,0,1,1,0.0533703608060324,0.0505131823224344,0.0567278535645645,0.0535371322310104,0.00311069030812802
1,0,1,1,1,1,0,0,0.0535849705942332,0.0491446227637794,0.0408868127372166,0.0478721353650764,0.00644400662440082
1,0,1,1,1,1,0,1,0.0523301314953006,0.0511377345223048,0.0507517859630066,0.051406550660204,0.000822794167349525
1,0,1,1,1,1,1,0,0.00904021896419236,0.0610890556178382,0.0417553346320254,0.0372948697380186,0.0263095450274701
1,0,1,1,1,1,1,1,0.0118580697877382,0.0599792228408931,0.0522564859101615,0.0413645928462642,0.0258434971255405
1,1,0,0,0,0,0,0,0.0346682320213207,0.036861080248952,0.0320783524679361,0.0345358882460696,0.00239410889747334
1,1,0,0,0,0,0,1,0.0428387242519121,0.0425169214265069,0.0392377658193491,0.0415311371659227,0.00199262474253763
1,1,0,0,0,0,1,0,0.0330757578000767,0.0312562529275542,0.0364970820622149,0.0336096975966153,0.00266090046495972
1,1,0,0,0,0,1,1,0.0427582361485208,0.0416015654203717,0.0419106493231318,0.0420901502973414,0.000598863292535053
1,1,0,0,0,1,0,0,0.0342588607761124,0.0345608243391781,0.0249059056467092,0.0312418635873333,0.0054891773306546
1,1,0,0,0,1,0,1,0.0401772553349993,0.0412018194422838,0.0337408467427079,0.0383733071733303,0.00404440355719428
1,1,0,0,0,1,1,0,0.034534215774408,0.0353708989818999,0.0251342586020526,0.0316797911194535,0.00568401325206841
1,1,0,0,0,1,1,1,0.0429047666814447,0.039310101047316,0.0411609372557532,0.0411252683281713,0.00179759824754937
1,1,0,0,1,0,0,0,0.0575864507159918,0.0571349853672719,0.0532721537603472,0.0559978632812036,0.00237130228657995
1,1,0,0,1,0,0,1,0.0615269291600288,0.0602056731065126,0.0553776131174172,0.0590367384613195,0.00323702457536695
1,1,0,0,1,0,1,0,0.0550834113202807,0.0552941504959348,0.0502342296699084,0.053537263828708,0.00286245152634698
1,1,0,0,1,0,1,1,0.0613861582987525,0.0624981631234347,0.0516451843895278,0.0585098352705717,0.00597090549845595
1,1,0,0,1,1,0,0,0.0582851984019304,0.0537514207469273,0.0436180719044983,0.0518848970177853,0.00750959939321043
1,1,0,0,1,1,0,1,0.0610798385634044,0.0589023460209815,0.0561047917709048,0.0586956587850969,0.00249395516338971
1,1,0,0,1,1,1,0,0.0619973479495996,0.0578789952043409,0.0445976732677904,0.054824672140577,0.00909306531328011
1,1,0,0,1,1,1,1,0.063663750529965,0.0579167725664928,0.0541967158784221,0.0585924129916266,0.00476954439767939
1,1,0,1,0,0,0,0,0.044648822206656,0.0431330280298841,0.0468526977533239,0.044878182663288,0.00187041182020659
1,1,0,1,0,0,0,1,0.0426889210594426,0.0424305539239267,0.0583982610574564,0.0478392453469419,0.00914528829372523
1,1,0,1,0,0,1,0,0.0439195559433704,0.042773730943857,0.0518040418708996,0.046165776252709,0.00491637652324655
1,1,0,1,0,0,1,1,0.041510462066549,0.0496822138645638,0.0600993955067617,0.0504306904792915,0.00931704215635308
1,1,0,1,0,1,0,0,0.039104396916752,0.0396703113850871,0.0405356861301085,0.0397701314773159,0.000720846891633072
1,1,0,1,0,1,0,1,0.0411973792778647,0.047455144367079,0.0508191869480975,0.0464905701976804,0.00488288830580231
1,1,0,1,0,1,1,0,0.0360066441860123,0.0414143176541724,0.0381981196659038,0.0385396938353628,0.00271997017805192
1,1,0,1,0,1,1,1,0.0406399367791164,0.0419262122064131,0.052193395715722,0.0449198482337505,0.00633182405378475
1,1,0,1,1,0,0,0,0.0691404767873086,0.0671097335289843,0.0646313031695173,0.0669605044952701,0.00225828777112743
1,1,0,1,1,0,0,1,0.0628151350414497,0.0548581811111316,0.0766225550925694,0.0647652904150502,0.0110124621764099
1,1,0,1,1,0,1,0,0.0639657858145708,0.064349687621822,0.0670631029433978,0.0651261921265968,0.00168836097549754
1,1,0,1,1,0,1,1,0.0614796336944592,0.0588821204109151,0.0766240659301609,0.0656619400118451,0.0095819059847875
1,1,0,1,1,1,0,0,0.0602463008014386,0.0577358642008003,0.060838981766895,0.0596070489230447,0.00164736665022515
1,1,0,1,1,1,0,1,0.0616754644307596,0.0637075485107666,0.074613829934694,0.0666656142920734,0.0069579408127156
1,1,0,1,1,1,1,0,0.0634258413108213,0.065557103191185,0.0575926561297637,0.0621918668772567,0.0041231206537723
1,1,0,1,1,1,1,1,0.0642481560183475,0.0600300679427823,0.0717608448536158,0.0653463562715819,0.00594199584147355
1,1,1,0,0,0,0,0,0.0458833226997466,0.0462530574132895,0.047077064913225,0.0464044816754204,0.000611107272442026
1,1,1,0,0,0,0,1,0.0469981176430663,0.0419219130098099,0.057944032483948,0.0489546877122747,0.00818829670552312
1,1,1,0,0,0,1,0,0.0447907554580544,0.0466095248747253,0.0468035292014532,0.046067936511411,0.00111031662240418
1,1,1,0,0,0,1,1,0.0444580036436857,0.0426329064546159,0.0545979008443395,0.047229603647547,0.00644605287153172
1,1,1,0,0,1,0,0,0.0417639951412872,0.0440309734214638,0.0377472669755071,0.0411807451794194,0.00318219689259692
1,1,1,0,0,1,0,1,0.0422447736504252,0.0430936887206074,0.0500293003437549,0.0451225875715959,0.00427048438358544
1,1,1,0,0,1,1,0,0.0405580385697771,0.0454478069621026,0.0361503544803443,0.040718733337408,0.0046508088295367
1,1,1,0,0,1,1,1,0.0456342576492973,0.0409352970851319,0.0459058206001079,0.0441584584448457,0.00279464013284844
1,1,1,0,1,0,0,0,0.06256986971765,0.0637545333138276,0.0599490789185125,0.0620911606499967,0.00194736811294013
1,1,1,0,1,0,0,1,0.0635357907892952,0.053634500420631,0.0749386530063856,0.0640363147387706,0.0106608922008093
1,1,1,0,1,0,1,0,0.0618826970303508,0.0625941675586072,0.062694191816126,0.062390352135028,0.000442477674014903
1,1,1,0,1,0,1,1,0.0600287904220046,0.0552727323254002,0.0779454827470025,0.0644156684981358,0.01195604145866
1,1,1,0,1,1,0,0,0.0587433402466331,0.0584608681625782,0.0593739314619601,0.0588593799570572,0.000467461290339648
1,1,1,0,1,1,0,1,0.0610167212613059,0.0599494811838775,0.0731924254364934,0.0647195426272256,0.00735710932842557
1,1,1,0,1,1,1,0,0.0577443963952086,0.0627228396691837,0.0529928412730397,0.057820025779144,0.00486544006745814
1,1,1,0,1,1,1,1,0.0573996532864504,0.0579415877412511,0.0683118506458772,0.0612176972245262,0.00614968965172829
1,1,1,1,0,0,0,0,0.0469097041512576,0.0447882008036306,0.0617896488006006,0.0511625179184963,0.009264293130214
1,1,1,1,0,0,0,1,0.0467749477531047,0.0410398507261562,0.0693473626767279,0.0523873870519962,0.0149650731495287
1,1,1,1,0,0,1,0,0.0448543044634677,0.0426910924563093,0.0618776009108043,0.0498076659435271,0.0105086806561387
1,1,1,1,0,0,1,1,0.044907578073268,0.0429213670945171,0.0692936373307235,0.0523741941661695,0.0146862836096119
1,1,1,1,0,1,0,0,0.0410714004001249,0.0450090693568468,0.0536651802020193,0.0465818833196637,0.0064425251451488
1,1,1,1,0,1,0,1,0.0410343441391742,0.0481800903251272,0.0596716101701776,0.0496286815448263,0.00940269821215915
1,1,1,1,0,1,1,0,0.0381948069509538,0.04608056316508,0.0511633709026971,0.0451462470062436,0.00653457135213254
1,1,1,1,0,1,1,1,0.0412944876485911,0.0440150358517983,0.0621330034198151,0.0491475089734015,0.0113277378652965
1,1,1,1,1,0,0,0,0.0657068183033104,0.0622139681869832,0.088951711399339,0.0722908326298775,0.0145340517926627
1,1,1,1,1,0,0,1,0.0694034609398417,0.0555577287293952,0.0924020320707272,0.0724544072466547,0.0186106656840188
1,1,1,1,1,0,1,0,0.0592420898582233,0.0597867709619064,0.0801019586155787,0.0663769398119028,0.0118893345165791
1,1,1,1,1,0,1,1,0.0639274736524659,0.0591156310317106,0.0880094347170174,0.0703508464670646,0.015480883746988
1,1,1,1,1,1,0,0,0.0591659338781832,0.0605650050415505,0.0766054289439384,0.0654454559545574,0.00969010308886482
1,1,1,1,1,1,0,1,0.064212483535757,0.0635933083140274,0.0821357534621588,0.069980515103981,0.0105312966507875
1,1,1,1,1,1,1,0,0.058551096033534,0.0620129318597141,0.06927724873743,0.0632804255435594,0.00547425731362391
1,1,1,1,1,1,1,1,0.060545740558613,0.0649758041618498,0.0858808912666556,0.0704674786623728,0.0135309398034497
